{"pairs": [
        {"x0": -99.586061, "y0": 75.155225, "x1": 120.620902, "y1": 20.103487},
        {"x0": -99.007524, "y0": -49.793027, "x1": 150.310451, "y1": -34.948258},
        {"x0": -69.896517, "y0": -49.793027, "x1": 46.547515, "y1": 47.629354},
        {"x0": -17.870412, "y0": 13.762935, "x1": 10.517421, "y1": 20.103484}
]}